{
  "analysis_date": "2025-09-06T09:05:35.735083",
  "method": "Properly calibrated FHS with soft-weighted GARCH-LSTM forecasts",
  "calibration_factors": {
    "SPX": 0.049776007964161276,
    "RTY": 0.06997900629811057,
    "NDX": 0.060386473429951695
  },
  "assets_analyzed": [
    "SPX",
    "RTY",
    "NDX"
  ],
  "violation_rates": {
    "SPX": {
      "1pct_violations": 1.0256410256410255,
      "5pct_violations": 5.128205128205128,
      "observations": 390,
      "total_forecasts": 390,
      "calibration_factor": 0.049776007964161276
    },
    "RTY": {
      "1pct_violations": 0.53475935828877,
      "5pct_violations": 3.7433155080213902,
      "observations": 374,
      "total_forecasts": 374,
      "calibration_factor": 0.06997900629811057
    },
    "NDX": {
      "1pct_violations": 1.282051282051282,
      "5pct_violations": 6.153846153846154,
      "observations": 390,
      "total_forecasts": 390,
      "calibration_factor": 0.060386473429951695
    }
  }
}